EventID,EventImageID,CharacterID,Title,Text,Left,Right,People L,Army L,Gold L,Senate L,People R,Army R,Gold R,Senate R,Next L,Next R,WaitToPlay,Weight,Condition,OnlyChoiceThisCard,,,,,,Senator
TaxReform,System,Treasurer,Tax Reforms,Senators discuss new taxes in marble halls. The decision will determine whether the government gains support or faces public unrest.,Refuse,Approve,0,0,-1,1,0,0,2,0,,,0,5,,FALSE,,,,,,People
Festival,System,People,Public Festival,"The people fill the squares, children's laughter and music fill the air. The celebration will bring joy, but the treasury will suffer.",Save Money,Hold the Festival,-2,0,1,0,2,0,-2,0,,,0,5,,FALSE,,,,,,General
LegionRequest,System,General,Legions Demand Supplies,Generals demand supplies for the army. Their stern gazes are full of expectation and impatience. Breaking promises is dangerous.,Refuse,Comply,-1,-2,0,0,0,2,-2,0,,,0,6,,FALSE,,,,,,Priest
TempleDedication,System,Priest,Temple Dedication,"Priests in white robes stand before the altar, requesting a new temple. Their favor may bring peace and order.",Ignore,Support,0,0,0,-1,1,0,-1,1,,,0,5,,FALSE,,,,,,GladiatorMaster
TradeOffer,System,Merchant,Trade Offer,Merchants spread bright fabrics and chests of gold. The deal is profitable but risky and requires wise judgment.,Decline,Accept,0,0,0,0,1,0,2,0,,,0,4,,FALSE,,,,,,Merchant
Flood,System,Scout,Flood,"The river has overflowed its banks, villages drown in muddy water. Wind and dampness fill the air as people desperately need help.",Ignore,Send Troops,-2,0,0,0,1,-1,-1,0,,,0,6,Army > 0,FALSE,,,,,,Scout
MerchantStrike,System,Merchant,Merchants' Strike,"Market squares stand empty, shop windows closed. The city has lost its noise and life; trade has halted and needs intervention.",Ignore,Negotiate,-1,0,-1,0,1,0,1,0,,,0,5,Gold > 2,FALSE,,,,,,Spy
Corruption,System,Senator,Corruption,Senators have seized the treasury; whispers spread through the halls. Take action or keep the secret—each choice has consequences.,Ignore,Punish,-1,0,-2,0,1,0,0,-2,,,0,6,Gold > 1,FALSE,,,,,,Assassin
Rebellion,System,Legioner,Legion Mutiny,"Legionaries question their oath. Their hands tremble over their weapons, preparing for rebellion or obedience.",Persuade,Punish,-1,-1,0,0,-1,1,0,0,,,0,7,Army > 2,FALSE,,,,,,Legioner
Eclipse,System,MagicWoman,Ominous Omens,The moon turns blood-red. The people whisper of dark omens as fear drifts through the air.,Ignore,Perform a Ritual,-1,0,0,0,1,0,-1,0,,,0,5,"Condition != """"",FALSE,,,,,,Legioner2
SenatorPlot,Inside,Senator,Shadows of the Senate,Whispers of senators echo through marble halls. Intrigue and hidden threats hang over the city like a dark web.,Ignore Suspicions,Listen to the Whispers,-1,0,0,-2,0,0,0,-1,SenatorPlotIgnore,SenatorPlotInvestigate,0,8,,FALSE,,,,,,MagicWoman
SenatorPlotIgnore,Inside,Spy,Invisible Conspiracy,"Senators smile through the shadows, their plans continuing in secret like a web spreading beneath the cover of night.",Continue Ignoring,Secretly Gather Information,-2,0,0,0,0,0,0,-1,,SenatorPlotWatch,0,7,,TRUE,,,,,,Navy
SenatorPlotInvestigate,Inside,Spy,Secret Surveillance,"Servants report secret meetings. Every word weighs on the scales of power, revealing hidden intrigues.",Intervene Openly,Continue Spying,1,0,0,-2,0,0,-1,-1,SenatorPlotExpose,SenatorPlotShadow,0,8,,TRUE,,,,,,People_Angry
SenatorPlotWatch,Inside,Spy,Shadows in the Corridors,Spies report strange meetings. Dark corners hide threats; weak defenses could be costly.,Act Decisively,Wait,0,0,0,-2,0,0,0,0,,,0,7,,TRUE,,,,,,People_Sick
SenatorPlotExpose,Inside,Senator,Exposure,Senators explode with fury while the people whisper about the ruler’s wisdom. Punish or show mercy—the choice shapes destiny.,Punish the Conspirators,Show Mercy,1,0,0,-2,0,0,0,-1,,,0,9,,TRUE,,,,,,People_Philosopher
SenatorPlotShadow,Inside,Senator,Shadow Game,Secret paths are partly revealed. Intrigue continues as the opponent makes a new move; plans require caution.,Continue the Intrigue,Reveal Your Hand,0,0,0,-1,0,0,0,-2,,,0,8,,TRUE,,,,,,Son
FestivalPrep,Street,People,Festival Preparation,"The city is decorated with garlands, bells ring, and the people await celebration. Costs are high, but so is the city's joy.",Reduce Expenses,Fully Prepare the Festival,-1,0,1,0,1,0,-2,0,FestivalCut,FestivalFull,0,6,,FALSE,,,,,,Wife
FestivalCut,Street,People,Modest Festival,"The feast is quiet and the music soft. The people are slightly disappointed, but the treasury remains mostly intact.",,,-1,0,0,0,0,0,0,0,,,0,6,,TRUE,,,,,,Treasurer
FestivalFull,Street,People,Magnificent Festival,"Streets shine with lights; music and dancing fill the squares. The people are happy, but the treasury suffers greatly.",Continue the Celebration,Limit Spending,2,0,-3,0,0,0,-1,0,FestivalAfter,FestivalEnd,0,7,,TRUE,,,,,,Astronomer
FestivalAfter,Street,People,Festival Aftermath,"The people are joyful, but rumors of shortages reach the Senate. Decisions now will affect the city's future and treasury.",Ignore,Persuade the Senate to Help,-1,0,0,-1,0,0,1,1,,,0,7,,TRUE,,,,,,Ambassador
FestivalEnd,Street,People_Philosopher,Lessons of the Festival,The festival has ended and the city grows calm. Resources must be managed so the consequences do not harm the people.,Distribute Resources,Leave Everything As Is,1,0,-1,0,0,0,0,0,,,0,6,,TRUE,,,,,,Engineer
BarbarianThreat,Legion,Scout,Barbarians at the Border,"Smoke rises on the horizon and tension grows. Barbarians gather strength at the borders, preparing to attack the empire.",Prepare,Ignore,0,1,-1,0,-1,-2,0,0,BarbarianDefense,BarbarianFail,0,7,,FALSE,,,,,,Governor
BarbarianDefense,Legion,General,Legion Defense,"The legions stand guard, spears and shields shining. Battle is inevitable; the outcome depends on tactics.",Retreat,Fight,-1,-1,0,0,1,2,-1,0,,,0,7,,TRUE,,,,,,Healer
BarbarianFail,Legion,General,Barbarian Defeat,"The legion barely held its position; losses are heavy. The silence after battle presses on the city, leaving worry in every heart.",,,-1,-1,0,0,0,0,0,0,,,0,7,,TRUE,,,,,,Poet
BarbarianVictory,Legion,General,Legion Victory,"The barbarians are driven back and the people rejoice. Drums echo through the streets, yet the borders still demand strength.",Fortify the Borders,Celebrate the Victory,0,1,-2,0,1,0,-1,0,,,0,8,,TRUE,,,,,,Prophet
Drought,System,People_Sick,Drought,Fields have dried and grain has fallen. The people look anxiously to the sky; water is needed for survival.,Ignore,Distribute Water,-2,0,0,0,2,0,-1,0,,,0,7,Gold > 5,FALSE,,,,,,Tribune
Famine,System,People_Sick,Famine,"A poor harvest threatens the population. People wander the streets searching for food, desperately hoping for help.",Ignore,Distribute Grain,-2,0,0,0,2,0,-2,0,,,0,7,Gold > 3,FALSE,,,,,,
Assassination,Beed,Assassin,Assassination Attempt,Dark figures slipped into the palace. Whispers and footsteps on the stairs threaten the ruler’s safety.,Ignore,Strengthen Security,-1,0,0,0,0,-1,-1,0,,,0,8,Army > 1,FALSE,,,,,,
Revolt,System,People_Angry,Uprising,"Crowds gather at the city walls, their shouts alarming the citizens. The decision will affect order and safety.",Calm the Crowd,Suppress the Revolt,1,0,0,-1,-2,1,0,0,,,0,8,People > 5,FALSE,,,,,,
Plague,System,People_Sick,Plague,By evening the streets grow empty and shadows stretch long. The sick lie in their homes while fear spreads through the city.,Isolate,Treat the Sick,-1,0,0,0,1,0,-2,0,,,0,9,People > 3,FALSE,,,,,,
GladiatorGames,System,GladiatorMaster,Gladiator Games,Crowds gather in the Colosseum; shouts and the smell of sweat fill the air. The people crave spectacle and excitement.,Postpone,Hold the Games,-1,0,0,0,2,0,-2,0,,,0,6,,FALSE,,,,,,
RoadConstruction,System,Engineer,Road Construction,"Stone and sand, soaked with the sweat of workers, are ready to become roads. Resources dwindle and require wise allocation.",Reduce Construction,Expand Construction,0,0,1,0,1,0,-3,0,,,0,5,,FALSE,,,,,,
PirateRaid,System,Navy,Pirate Raid,The horizon burns with the smoke of enemy ships. Merchants whisper of losses while soldiers prepare for battle.,Ignore,Organize Patrols,-1,-1,-2,0,0,1,-1,0,,,0,7,,FALSE,,,,,,
Prophecy,System,Prophet,Dark Prophecy,Priests see red lightning in the sky. Fear and hope mix in the eyes of the people as they sense approaching misfortune.,Dismiss,Listen,0,0,0,0,1,0,0,1,,,0,5,,FALSE,,,,,,
HarvestFestival,System,People,Harvest Festival,The fields are full of crops and the people demand celebration. The decision will affect joy and the city’s resources.,Save Money,Hold the Festival,-1,0,1,0,2,0,-2,0,,,0,5,,FALSE,,,,,,
NewTaxLaw,System,Senator,Tax Law,The Senate proposes new levies while old laws crack under pressure. The decision will shape the empire’s future and treasury.,Reject,Approve,0,0,0,-1,-1,0,2,1,,,0,6,,FALSE,,,,,,
TempleOffer,System,Priest,Temple Offering,A priest carries gifts to the altar while candles cast long shadows. Ignore or support the divine?,Ignore,Support,-1,0,0,0,1,0,-1,1,,,0,5,,FALSE,,,,,,
MerchantDeal,System,Merchant,Trade,Merchants spread fabrics and chests of gold. The decision affects wealth and trust in the city.,Decline,Accept,0,0,0,0,1,0,2,0,,,0,4,,FALSE,,,,,,
VeteranReward,System,General,Veterans’ Reward,"Grey-haired legionaries, scarred by years of campaign, bow before the throne. They ask for a reward for loyal service to Rome.",Refuse,Reward,-1,-1,0,0,1,2,-2,0,,,0,6,Gold > 1,FALSE,,,,,,
TempleRepair,System,Priest,Ruined Temple,"After a night fire, the sacred temple stands blackened and empty. Priests ask the treasury to help restore the house of the gods.",Refuse,Allocate Funds,-1,0,0,-1,1,0,-2,2,,,0,5,Gold > 1,FALSE,,,,,,
BarbarianRaid,System,Scout,Barbarian Raid,"Scouts report: barbarians have crossed the border and are burning villages. Peasants flee to the city walls, begging for protection.",Ignore,Send the Legion,-2,0,0,0,1,-1,0,0,,,0,7,Army > 0,FALSE,,,,,,
LegionTraining,System,Tribune,Legion Drills,"The tribune bows before the throne: the legions have not held major drills for a long time. Swords rust idle, discipline weakens.",Refuse,Conduct Drills,0,-1,0,0,0,2,-1,0,,,0,6,Gold > 0,FALSE,,,,,,
PoetPraise,System,Poet,Praise Ode,"A poet in a toga reads an ode to your glory. His voice echoes in the hall, promising to immortalize your name in verse.",Dismiss,Reward,-1,0,0,0,1,0,-1,0,,,0,5,,FALSE,,,,,,
PortTaxes,System,Merchant,Port Taxes,Merchants from the sea bring silk and spices but complain of heavy taxes. They ask for reductions or they will leave for other harbors.,Keep,Reduce Taxes,-1,0,1,1,1,0,-2,0,,,0,5,,FALSE,,,,,,
PlagueRumors,System,Healer,Rumors of Illness,The healer whispers about a strange fever in poor quarters. People fear the disease will spread throughout the city.,Ignore,Assist with Healers,-2,0,0,0,1,0,-1,0,,,0,6,Gold > 0,FALSE,,,,,,
ColiseumGames,Collision,GladiatorMaster,Games in the Colosseum,"The master of gladiators bows and offers to hold great games. The people crave spectacle, but the treasury must cover the cost of blood and sand.",Refuse,Hold the Games,-2,0,0,0,2,0,-2,0,,ColiseumGamesStart,0,7,Gold > 1,FALSE,,,,,,
ColiseumGamesStart,Collision,GladiatorMaster,Arena Roar,Crowds roar under the Colosseum arches. The master of gladiators whispers: release rare beasts to make the fight fiercer?,No,Release the Beasts,0,0,0,0,1,0,-1,0,,ColiseumGamesBeasts,0,7,,TRUE,,,,,,
ColiseumGamesBeasts,Collision,People,Judgment of the Crowd,"The defeated gladiator lies on the sand. The crowd raises their hands, awaiting your gesture—life or death.",Spare,Execute,1,0,0,1,-1,0,0,-1,,,0,7,,TRUE,,,,,,
DarkProphecy,Street,Prophet,Voice of the Prophet,"In the noisy square, a prophet cries of the gods’ wrath. The crowd listens, tense, to his grim words about Rome’s fate.",Arrest,Listen,-1,0,0,1,1,0,0,-1,,DarkProphecyListen,0,6,,FALSE,,,,,,
DarkProphecyListen,Street,Prophet,Prophecy,The prophet says a shadow of misfortune gathers over Rome. Only sacrifices to the gods can avert the coming disaster.,Ignore,Offer a Sacrifice,-2,0,0,0,1,0,-1,1,,DarkProphecyRitual,0,7,Gold > 0,TRUE,,,,,,
DarkProphecyRitual,Street,Priest,Night Ritual,"By torchlight, priests prepare a sacrifice. Incense smoke rises to the sky, awaiting your generosity.",Small Offering,Generous Offering,0,0,-1,1,1,0,-2,2,,,0,7,,TRUE,,,,,,
GrainShortage,System,Governor,Grain Shortage,"The governor reports with concern: granaries are empty, and caravans are delayed. Whispers of hungry people spread through the markets.",Do Nothing,Buy Grain,-2,0,0,0,1,0,-2,0,,,0,6,Gold > 1,FALSE,,,,,,
HarborStorm,System,Navy,Storm in the Harbor,"A night storm lashes the docks. Several merchant ships are destroyed, and sailors ask for help to restore the harbor.",Ignore,Assist,-1,0,0,0,1,0,-1,0,,,0,5,Gold > 0,FALSE,,,,,,
SenatorSpeech,System,Senator,Senator’s Speech,A senator rises and loudly speaks of the government’s weakness. The marble hall fills with murmurs and anxious glances.,Rebuke,Support,0,0,0,-1,0,0,0,1,,,0,6,,FALSE,,,,,,
LegionBonus,System,Legioner,Soldiers’ Pay,"Legionaries return from a dusty campaign. Their armor is worn, and they expect reward for blood and service to Rome.",Refuse,Pay,-1,-1,0,0,1,2,-2,0,,,0,6,Gold > 1,FALSE,,,,,,
MarketFire,System,Merchant,Market Fire,"Flames devoured market stalls at night. In the morning, merchants stand among the ashes, asking for help to revive the market.",Let Them Manage,Assist,-1,0,0,0,1,0,-2,0,,,0,5,Gold > 1,FALSE,,,,,,
CityWalls,System,Engineer,Wall Repairs,"The engineer points to cracks in the ancient walls. Stones crumble, and the enemy may one day notice this weakness.",Postpone,Repair,0,-1,1,0,0,1,-2,0,,,0,6,Gold > 1,FALSE,,,,,,
WifeAdvice,System,Wife,Advice of the Wife,"In the quiet chambers, the wife softly says the people are tired of harsh decrees and crave some mercy.",Ignore,Listen,0,0,0,0,1,0,0,0,,,0,5,,FALSE,,,,,,
StrangeStar,System,Astronomer,Strange Star,"The astronomer points to a bright comet, slowly moving across the night sky, as if a sign from the gods for Rome.",Ignore,Perform a Ritual,0,0,0,0,1,0,-1,1,,,0,5,Gold > 0,FALSE,,,,,,
ForeignEnvoy,System,Ambassador,Ambassador from a Foreign Land,An ambassador from a distant nation brings rare gifts and words of friendship. Senators look at him with cold suspicion.,Refuse,Accept,-1,0,0,1,1,0,1,-1,,,0,6,,FALSE,,,,,,
BridgeProject,System,Engineer,New Bridge,The engineer unveils plans for a bridge across the river. Stone arches could connect the banks and boost trade.,Decline,Build,0,0,0,0,1,0,-2,0,,,0,5,Gold > 1,FALSE,,,,,,
SilentKiller,System,Assassin,Silent Assassin,In the shadow of columns appears a hired assassin. He says one strike could rid Rome of a dangerous enemy.,Refuse,Hire,0,0,0,1,0,0,-1,-2,,,0,5,Gold > 0,FALSE,,,,,,
BorderTrouble,System,Scout,Restless Border,A scout spotted fires of barbarians on distant hills. It could be hunting… or preparation for a raid.,Wait,Strengthen the Patrol,-1,0,0,0,0,1,-1,0,,,0,6,Army > 0,FALSE,,,,,,
TempleFestival,System,Priest,Festival of the Gods,Priests decorate temples with garlands and incense. They ask the treasury to help hold a proper festival for the gods.,Refuse,Assist,-1,0,0,-1,1,0,-1,2,,,0,5,Gold > 0,FALSE,,,,,,
NewTradeRoute,System,Merchant,New Trade Route,"Merchants speak of a distant sea route with rare goods and wealth, if the expedition is risked.",Decline,Finance,0,0,0,0,1,0,-2,0,,,0,5,Gold > 1,FALSE,,,,,,
PhilosopherDebate,Inside,People_Philosopher,Philosophers’ Debate,Philosophers gather on marble steps. They invite you to join a debate on Rome’s fate and the nature of power.,Dismiss Them,Accept the Debate,-1,0,0,0,1,0,0,1,,PhilosopherDebateStart,0,5,,FALSE,,,,,,
PhilosopherDebateStart,Inside,People_Philosopher,Wise Speeches,Philosophers say: “What matters more for the state — fear of power or love of the people?”,Fear,Love,-1,1,0,0,2,0,0,0,PhilosopherFear,PhilosopherLove,0,7,,TRUE,,,,,,
PhilosopherFear,Inside,People_Philosopher,Rule by Fear,A philosopher smirks: “Fear breeds tyranny. Is that the Rome you wish to leave behind?”,Doubt,Stand Firm,1,0,0,0,-1,1,0,-1,,PhilosopherFearEnd,0,7,,TRUE,,,,,,
PhilosopherLove,Inside,People_Philosopher,Ruler’s Mercy,"An old philosopher nods: “The love of the people is beautiful, but the crowd is fickle. What will hold order?”",Laws,Army,1,0,0,1,0,1,0,0,PhilosopherLaw,PhilosopherArmy,0,7,,TRUE,,,,,,
PhilosopherLaw,Inside,People_Philosopher,Power of Law,A philosopher says: “Laws are eternal only when the ruler himself obeys them.”,Agree,Doubt,1,0,0,1,-1,0,0,-1,,,0,7,,TRUE,,,,,,
PhilosopherArmy,Inside,People_Philosopher,Sword and Power,"One philosopher quietly says: “Where the sword rules, philosophy falls silent.”",Agree,Object,0,-1,0,0,0,1,0,-1,,,0,7,,TRUE,,,,,,
PhilosopherFearEnd,Inside,People_Philosopher,Bitter Wisdom,"Philosophers end the debate. Their words spread across the forum, and each draws personal conclusions.",Leave,Thank,0,0,0,0,1,0,0,1,,,0,7,,TRUE,,,,,,
DreamOfGod,Street,Prophet,Strange Dream,At night you dream of a shining temple. From the light a voice calls itself the god of Rome.,Ignore,Listen,0,0,0,0,1,0,0,1,,DreamOfGodTalk,0,4,,FALSE,,,,,,
DreamOfGodTalk,Street,Prophet,Voice of Heaven,"The voice says: “Emperor, Rome stands at a crossroads. Are you ready to hear the truth of the gods?”",Yes,No,1,0,0,0,-1,0,0,0,DreamTruth,,0,7,,TRUE,,,,,,
DreamTruth,Street,Prophet,Trial,"“What matters most to a ruler?” asks the voice. “Glory, wealth, or the welfare of the people?”",Glory,People,0,1,0,0,2,0,0,0,DreamGlory,DreamPeople,0,7,,TRUE,,,,,,
DreamGlory,Street,Prophet,Path of Glory,"“Glory blinds,” says the god. “It elevates the hero but destroys the proud.”",Agree,Object,1,0,0,1,-1,1,0,-1,,,0,7,,TRUE,,,,,,
DreamPeople,Street,Prophet,Burden of Rule,"“The path of one who serves the people is heavy,” whispers the voice. “Yet it is how lasting memory is born.”",Accept,Doubt,2,0,0,0,-1,0,0,-1,,,0,7,,TRUE,,,,,,
TakeLoan,System,Merchant,Loan Offer,"A wealthy merchant offers to lend gold to the treasury. He smiles too confidently, as if he already knows the outcome.",Refuse,Take the Loan,0,0,0,0,0,0,3,0,,RepaymentDebts,10,5,,FALSE,,,,,,
RepaymentDebts,System,Merchant,Time to Pay,"The merchant returns with an IOU. The term has expired, and he demands repayment with interest.",Refuse,Pay,-1,0,0,-1,0,0,-4,0,,,0,6,Gold > 3,TRUE,,,,,,
BuildTemple,System,Priest,New Temple,"Priests request funds to build a temple, but it will take time. They promise the gods will favor Rome.",Refuse,Build,-1,0,0,-1,1,0,-3,2,,TempleFinished,12,5,Gold > 2,FALSE,,,,,,
TempleFinished,System,Priest,Temple Dedication,The new temple shines with marble. Crowds gather for the dedication and thank the emperor.,Modest,Grand,1,0,0,1,2,0,-1,2,,,0,6,,TRUE,,,,,,
SendSpies,System,Spy,Spies Abroad,A spy proposes sending people to neighboring lands. They might bring useful intelligence.,Refuse,Send,0,0,0,0,0,0,-1,0,,SpyReport,8,5,Gold > 0,FALSE,,,,,,
SpyReport,System,Spy,Report,Spies return from foreign lands with alarming news…,Ignore,Prepare,-1,0,0,0,0,1,-1,0,,,0,6,,TRUE,,,,,,
StudyStars,System,Astronomer,Observing the Heavens,An astronomer requests funds for extended sky observations. He believes the stars will reveal Rome’s fate.,Refuse,Finance,0,0,0,0,0,0,-1,0,,StarProphecy,0,4,Gold > 0,FALSE,,,,,,
StarProphecy,System,Astronomer,Omen,The astronomer arrives excited. He saw a sign in the sky that could change the empire’s destiny.,Ignore,Perform Ritual,-1,0,0,0,1,0,-1,1,,,15,5,,FALSE,,,,,,
NewRoad,System,Engineer,New Road,The engineer unfolds maps and talks about a road through the hills. It will connect cities and boost trade.,Refuse,Start Construction,0,0,0,0,1,0,-2,1,,RoadConstructionWait,0,5,Gold > 1,FALSE,,,,,,
RoadConstructionWait,System,Engineer,Beginning of Works,Workers cut stone and place the first supports. The engineer asks how much effort to allocate.,Conserve,Build Quickly,0,0,1,0,0,-1,-2,0,RoadFinished,RoadFinished,7,7,,TRUE,,,,,,
RoadFinished,System,Merchant,Completed Road,"After weeks, the stone road opens. Merchants and travelers already use it, bringing life to the cities.",Collect Toll,Free Passage,-1,0,2,0,1,0,0,1,,,7,6,,TRUE,,,,,,
SecretRumors,System,Spy,Worrying Rumors,A spy whispers about night meetings of the nobility. Perhaps a conspiracy brews in the shadows of the palaces.,Ignore,Watch,-1,0,0,-1,0,0,-1,0,,SpyWatch,0,5,Gold > 0,FALSE,,,,,,
SpyWatch,System,Spy,Secret Surveillance,Secret Surveillance,Stop,Continue,0,0,0,0,0,0,-1,0,,SpyReportRumors,6,6,,TRUE,,,,,,
SpyReportRumors,System,Spy,Exposed Conspiracy,"Later, spies return with news. Some senators are indeed plotting against you.",Arrest,Continue Observation,-1,0,0,-2,0,0,0,-1,,,6,7,,TRUE,,,,,,
HarborFestival,System,Merchant,Sea Festival,Flags wave in the harbor; the smell of salt and wine fills the air. Merchants request a festival to honor Rome and trade.,Forbid,Allow,-1,0,0,0,2,0,-2,0,,,0,5,Gold > 1,FALSE,,,,,,
LegionParade,System,General,Legion Parade,"The general suggests a parade. Legions march through the forum under the clang of weapons, showing Rome’s strength.",Refuse,Conduct,0,-1,0,0,1,1,-1,0,,,0,5,,FALSE,,,,,,
TaxRelief,System,Treasurer,Tax Reduction,The treasurer cautiously says: the treasury is full and taxes could be eased to bring smiles back to the people.,Keep,Reduce,-1,0,1,0,2,0,-2,0,,,0,5,,FALSE,,,,,,
ArenaRepairs,System,GladiatorMaster,Arena Repair,"The master of gladiators shows cracked stones in the arena. If not strengthened, spectacles could turn disastrous.",Ignore,Repair,-1,0,0,0,1,0,-2,0,,,0,5,Gold > 1,FALSE,,,,,,
VeteranLand,System,Legioner,Land for Veterans,"Grey-haired veterans stand before the throne. They ask for land for long service, recalling dusty roads and battles.",Refuse,Grant Land,-1,-1,0,0,1,1,-1,0,,,0,6,,FALSE,,,,,,
TempleDonation,System,Priest,Temple Offering,Priests bring incense and quietly ask for a donation. They promise prayers will strengthen the empire’s fate.,Refuse,Donate,-1,0,0,-1,1,0,-1,2,,,0,5,Gold > 0,FALSE,,,,,,
StrangeMerchant,System,Merchant,Exotic Goods,"A merchant brought exotic goods from the East. Their scents and colors entice, but senators watch warily.",Forbid,Allow,-1,0,0,1,1,0,1,-1,,,0,5,,FALSE,,,,,,
DockWorkers,System,People,Harbor Workers,Harbor workers wearily remove ropes from their shoulders. They ask for slightly higher pay for the heavy labor.,Refuse,Increase Pay,-2,0,0,0,1,0,-1,0,,,0,6,Gold > 0,FALSE,,,,,,
MilitaryRoad,System,Engineer,Military Road,The engineer shows plans for a road through the hills. Legions could move faster to distant borders.,Refuse,Build,0,-1,0,0,0,1,-2,0,,,0,5,Gold > 1,FALSE,,,,,,
GladiatorSchool,System,GladiatorMaster,Gladiator School,The arena master dreams of opening a new school to train fighters for future games and Rome’s glory.,Refuse,Finance,-1,0,0,0,1,0,-2,0,,,0,5,Gold > 1,FALSE,,,,,,
SenateFeast,System,Senator,Senators’ Feast,Senators suggest a lavish feast. Wine and jokes could strengthen political alliances.,Refuse,Host Feast,0,0,0,-1,0,0,-2,2,,,0,5,Gold > 1,FALSE,,,,,,
StreetPreacher,System,Prophet,Prophet’s Voice,"On the forum, a prophet cries of the gods’ wrath. The crowd falls silent, catching every ominous word.",Dismiss,Listen,-1,0,0,0,1,0,0,-1,,,0,6,,FALSE,,,,,,
NavyDrill,System,Navy,Fleet Drills,The admiral says the sea requires strength. He requests major drills for the Roman fleet.,Refuse,Conduct,0,0,1,0,0,1,-1,0,,,0,5,,FALSE,,,,,,
StreetArtists,System,People,Street Performers,Traveling performers ask to entertain the square. Their jokes and songs could bring laughter back to the city.,Forbid,Allow,-1,0,0,0,1,0,0,0,,,0,5,,FALSE,,,,,,
ForeignTrade,System,Ambassador,Distant Trade,An ambassador speaks of trade with a far land. Caravans could bring wealth and new goods.,Refuse,Agree,-1,0,0,1,1,0,2,-1,,,0,5,,FALSE,,,,,,
CityBaths,System,Engineer,Public Baths,The engineer proposes building new baths. Steam and marble will provide leisure for citizens.,Refuse,Build,-1,0,0,0,2,0,-2,0,,,0,5,Gold > 1,FALSE,,,,,,
StreetGuards,System,Tribune,Night Watch,The tribune says streets are dark and dangerous at night. He requests more guards to maintain order.,Refuse,Increase,-1,0,0,0,1,-1,-1,0,,,0,5,Gold > 0,FALSE,,,,,,
GrainGift,System,Governor,Grain Ship,A ship arrives in the harbor with grain from a province. People hope for the emperor’s generosity.,Sell,Distribute,-1,0,2,0,2,0,0,0,,,0,5,,FALSE,,,,,,
ArenaBeasts,System,GladiatorMaster,Wild Beasts,Hunters bring rare beasts from afar. Their roars are already heard beyond the arena walls.,Refuse,Purchase,-1,0,0,0,2,0,-2,0,,,0,5,Gold > 1,FALSE,,,,,,
PhilosophersSchool,System,People_Philosopher,School of Wisdom,Philosophers request a new school. They believe knowledge will strengthen Rome’s future.,Refuse,Support,-1,0,0,0,1,0,-1,1,,,0,5,Gold > 0,FALSE,,,,,,
BorderFort,System,Scout,New Fort,A scout says a fort should be built on the hills. It will protect villages from sudden raids.,Refuse,Build,-1,0,0,0,0,1,-2,0,,,0,6,Gold > 1,FALSE,,,,,,
MarketLaw,System,Senator,Trade Law,Senators debate new trade regulations. The decision may change craftsmen’s lives.,Reject,Approve,-1,0,0,-1,1,0,1,1,,,0,5,,FALSE,,,,,,
TempleProcession,System,Priest,Sacred Procession,"Priests want a ceremonial procession through the city, carrying statues of gods and incense smoke.",Refuse,Allow,-1,0,0,-1,1,0,-1,2,,,0,5,Gold > 0,FALSE,,,,,,
SoldierTaverns,System,Legioner2,Taverns for Soldiers,Soldiers request more taverns where they can forget the hardships of service and the noise of battle.,Refuse,Allow,-1,-1,0,0,1,1,-1,0,,,0,5,,FALSE,,,,,,
PoetFestival,System,Poet,Poetry Festival,Poets propose a festival of verses and songs. They promise to glorify the emperor’s name.,Refuse,Support,-1,0,0,0,1,0,-1,1,,,0,5,Gold > 0,FALSE,,,,,,
CityGarden,System,Engineer,City Garden,The engineer proposes a garden at the forum. Tree shade and water sounds will beautify the city center.,Refuse,Build,-1,0,0,0,2,0,-2,0,,,0,5,Gold > 1,FALSE,,,,,,
CaravanTax,System,Merchant,Caravan Tax,Merchants ask to reduce the tax on caravans. They say roads will then be filled with goods.,Refuse,Reduce,-1,0,1,1,1,0,-2,0,,,0,5,,FALSE,,,,,,
StreetStatue,System,People,Hero Statue,The people want to erect a statue of an old hero whose deeds still live in stories.,Refuse,Build,-1,0,0,0,1,0,-1,0,,,0,5,Gold > 0,FALSE,,,,,,
TempleMusic,System,Priest,Music in the Temple,Priests want to invite musicians for ceremonies. Their melodies should please the gods.,Refuse,Allow,-1,0,0,-1,1,0,-1,1,,,0,5,Gold > 0,FALSE,,,,,,
ForeignScholars,System,Ambassador,Scholars from Afar,The ambassador brought sages from distant lands. They wish to share knowledge in Rome.,Refuse,Allow,-1,0,0,1,1,0,-1,1,,,0,5,,FALSE,,,,,,
FallingStar,System,Astronomer,Falling Star,The astronomer reports excitedly: a bright star streaked over Rome at night. Some see it as a sign of destiny.,Ignore,Perform Ritual,0,0,0,0,1,0,-1,1,,,0,4,Gold > 0,FALSE,,,,,,
BrokenAqueduct,System,Engineer,Crack in the Aqueduct,"The engineer points to a crack in the ancient aqueduct. If not fixed, water will soon stop flowing.",Ignore,Repair,-2,0,0,0,2,0,-2,0,,,0,6,Gold > 1,FALSE,,,,,,
ForeignGift,System,Ambassador,Gifts from a Foreign Land,"The ambassador brings strange gifts from a distant king. Their beauty amazes, but senators are suspicious.",Refuse,Accept,-1,0,0,1,0,0,1,-1,,,0,5,,FALSE,,,,,,
ProvincialTaxes,System,Governor,Provincial Complaint,"The governor writes of heavy taxes. The province is impoverished, and the people complain louder.",Ignore,Ease Taxes,-1,0,1,0,2,0,-2,0,,,0,5,,FALSE,,,,,,
TribuneSpeech,System,Tribune,Tribune’s Speech,"The people’s tribune speaks in the forum, accusing the nobility of greed. The crowd listens breathlessly.",Interrupt,Allow to Speak,-1,0,0,1,1,0,0,-1,,,0,5,,FALSE,,,,,,
PirateRumors,System,Navy,Pirates off the Coast,Sailors report fast pirate ships raiding fishing boats near distant islands.,Ignore,Send Fleet,-1,0,0,0,1,1,-1,0,,,0,6,Gold > 0,FALSE,,,,,,
SilentBlade,System,Assassin,Assassin’s Whisper,"A hooded shadow offers to remove a dangerous enemy. His voice is quiet, but the promise is deadly.",Refuse,Agree,0,0,0,1,0,0,-1,-2,,,0,4,Gold > 0,FALSE,,,,,,
ForestWitch,System,MagicWoman,Woman from the Forest,A mysterious woman brings herbs and charms. She says she can protect you from ill fate.,Dismiss,Listen,-1,0,0,1,1,0,-1,-1,,,0,4,Gold > 0,FALSE,,,,,,
BurningVision,System,Prophet,Fiery Vision,The prophet claims to have seen the city in flames. His words alarm the crowd and stir senators.,Dismiss,Heed,-1,0,0,0,1,0,0,-1,,,0,5,,FALSE,,,,,,
YoungHeir,System,Son,Advice of the Heir,"Your son, still young but proud, offers a solution to a dispute between merchants and senators.",Brush Off,Listen,-1,0,0,0,1,0,0,1,,,0,4,,FALSE,,,,,,
EmpressAdvice,System,Wife,Advice of the Wife,"In the evening, your wife quietly shares thoughts on senate affairs. Her words are gentle but wise.",Ignore,Listen,-1,0,0,0,1,0,0,1,,,0,4,,FALSE,,,,,,
StrangeComet,System,Astronomer,Comet over Rome,The astronomer points to a tailing star. People see it as a harbinger of great change.,Ignore,Hold Prayers,-1,0,0,0,1,0,-1,1,,,0,4,Gold > 0,FALSE,,,,,,
HealingHerbs,System,Healer,Medicinal Herbs,The healer found rare herbs in the mountains. He requests funds to prepare medicines.,Refuse,Provide Funds,-1,0,0,0,1,0,-1,0,,,0,5,Gold > 0,FALSE,,,,,,
HarborMap,System,Engineer,Harbor Map,The engineer brings a map for harbor improvements. New docks will allow more ships to arrive.,Refuse,Build,-1,0,0,0,1,0,-2,0,,,0,5,Gold > 1,FALSE,,,,,,
DistantAlliance,System,Ambassador,Distant Alliance,The ambassador speaks of an alliance with a far kingdom. It could bring benefits or dangers.,Refuse,Agree,-1,0,0,1,1,0,1,-1,,,0,4,,FALSE,,,,,,
BorderVillage,System,Governor,Burned Village,The governor reports that barbarians burned a border village. People demand protection.,Ignore,Strengthen Defense,-2,0,0,0,0,1,-1,0,,,0,6,Gold > 0,FALSE,,,,,,
TribunePetition,System,Tribune,People’s Petition,The tribune brings a scroll with hundreds of signatures. People ask to soften one law.,Reject,Accept,-1,0,0,1,1,0,0,-1,,,0,5,,FALSE,,,,,,
FleetExpansion,System,Navy,Fleet Expansion,"The admiral dreams of building new triremes. The sea will be safer, but the treasury will shrink.",Refuse,Build,0,0,1,0,0,1,-2,0,,,0,5,Gold > 1,FALSE,,,,,,
DarkOffer,System,Assassin,Dark Proposal,The assassin appears again in the shadow of columns. He offers to eliminate someone obstructing your power.,Refuse,Agree,0,0,0,1,0,0,-1,-2,,,0,4,Gold > 0,FALSE,,,,,,
WhisperingStatue,System,Prophet,Whispering Statue,"At night, guards swear that a statue in the forum whispers words in an ancient language. People fear passing by.",Ignore,Consecrate,-1,0,0,0,1,0,-1,1,,,0,2,Gold > 0,FALSE,,,,,,
MirrorMerchant,System,Merchant,Merchant of Mirrors,A merchant sells mirrors in which reflections seem to move on their own. The crowd whispers of witchcraft.,Forbid,Allow,-1,0,0,1,1,0,1,-1,,,0,2,,FALSE,,,,,,
TalkingCrow,System,Scout,Talking Raven,A scout swears that a raven on the tower repeats the guard’s words. Soldiers watch the bird nervously.,Dismiss,Leave,-1,0,0,0,1,0,0,0,,,0,2,,FALSE,,,,,,
EndlessDream,System,MagicWoman,Endless Dream,A mysterious woman says she has seen the same dream about your throne for three nights.,Ignore,Listen,0,0,0,0,1,0,-1,-1,,,0,2,Gold > 0,FALSE,,,,,,
SingingWell,System,People,Singing Well,"A courtyard well emits a strange hum at night, like distant singing. People are unsettled.",Close,Investigate,-1,0,0,0,1,0,-1,0,,,0,2,,FALSE,,,,,,
ShadowSoldier,System,Legioner,Man Without a Shadow,A soldier claims to have seen a man without a shadow near the palace wall. Guards now fear night patrols.,Ignore,Investigate,-1,-1,0,0,0,1,-1,0,,,0,2,,FALSE,,,,,,
SilentBell,System,Priest,Silent Bell,The temple bell suddenly stopped ringing—even a strong strike produces no sound. Priests are confused.,Ignore,Consecrate,-1,0,0,-1,1,0,-1,1,,,0,2,Gold > 0,FALSE,,,,,,
RiverLights,System,Scout,Lights on the River,"Fishermen say quiet lights float on the water at night, like the souls of forgotten sailors.",Ignore,Investigate,-1,0,0,0,1,0,-1,0,,,0,2,,FALSE,,,,,,
EndlessCat,System,People,Endless Cat,"A cat appears in the palace, expelled three times by servants, yet returns each time.",Dismiss,Leave,-1,0,0,0,1,0,0,0,,,0,2,,FALSE,,,,,,
StarWhispers,System,Astronomer,Whisper of the Stars,The astronomer says he heard whispers while observing the stars at night. He is convinced it is a sign of fate.,Ignore,Perform Ritual,0,0,0,0,1,0,-1,1,,,0,2,Gold > 0,FALSE,,,,,,
atSenator,System,Senator,Too Much Wine,"A senator fell off his chair during a speech, blaming the “slippery marble.” The hall struggles not to laugh.",Punish,Pretend Nothing,-1,0,0,1,1,0,0,-1,,,0,4,,FALSE,,,,,,
DuckParade,System,People,Duck Parade,"Suddenly a flock of ducks waddles across the forum, quacking loudly. The crowd laughs and awaits the emperor’s reaction.",Disperse,Allow,-1,0,0,0,1,0,0,0,,,0,4,,FALSE,,,,,,
DrunkLegioner,System,Legioner,Drunken Legionary,A legionary tries to salute but can barely stand. He insists he is “training his balance.”,Punish,Let Go,0,1,0,0,1,-1,0,0,,,0,4,,FALSE,,,,,,
PoetEpic,System,Poet,Overlong Poem,A poet began reciting an epic about your deeds. He is already on the hundredth line and shows no sign of stopping.,Stop,Listen,-1,0,0,0,1,0,0,0,,,0,4,,FALSE,,,,,,
CookDisaster,System,People,Horrible Dinner,The cook serves a dish that smells as if it fought and lost a battle. The court holds its breath.,Expel,Praise,-1,0,0,0,1,0,-1,0,,,0,4,,FALSE,,,,,,
ChickenGeneral,System,General,Chicken General,"During an army inspection, a chicken lands on the general’s helmet. Soldiers barely hold back laughter.",Dismiss,Laugh,-1,0,0,0,1,0,0,0,,,0,4,,FALSE,,,,,,
LostPhilosopher,System,People_Philosopher,Lost Philosopher,A philosopher came to the forum but forgot why. He now muses on the meaning of forgetfulness.,Dismiss,Listen,-1,0,0,0,1,0,0,0,,,0,4,,FALSE,,,,,,
BeardContest,System,People,Beard Contest,Citizens propose a contest for the most magnificent beard. The crowd is already placing bets.,Forbid,Allow,-1,0,0,0,1,0,-1,0,,,0,4,,FALSE,,,,,,
LazyGuard,System,Legioner,Sleeping Guard,A guard fell asleep at the gate and snores so loudly passersby stop to listen.,Punish,Forgive,0,1,0,0,1,-1,0,0,,,0,4,,FALSE,,,,,,
GoatInTemple,System,Priest,Goat in the Temple,Somehow a goat has gotten into the temple and is calmly chewing sacred flowers.,Expel,Leave,-1,0,0,-1,1,0,0,0,,,0,4,,FALSE,,,,,,
ArenaChampion,Collision,GladiatorMaster,New Champion,The arena master speaks of a gladiator who defeats all opponents. The crowd already chants his name.,Ignore,Send to Arena,-1,0,0,0,2,0,1,0,,ArenaFirstFight,0,6,,FALSE,,,,,,
ArenaFirstFight,Collision,GladiatorMaster,First Great Clash,"In the arena, a new hero fights like a storm. Every strike brings a roar from the stands and a rain of sand.",Spare Opponent,Order to Finish,2,0,0,0,-1,0,0,1,ArenaMercy,ArenaBlood,0,0,,TRUE,,,,,,
ArenaMercy,Collision,People,Hero’s Mercy,The gladiator lowers his sword and spares his enemy. The crowd is struck by his nobility.,Support,Condemn,1,0,0,0,-1,0,0,1,ArenaSymbol,,0,0,,TRUE,,,,,,
ArenaBlood,Collision,Senator,Bloody Spectacle,"The gladiator obeys and finishes his opponent. Senators nod approvingly, but the crowd boos.",Continue Games,Stop Games,-1,0,0,1,0,0,0,0,ArenaMoreBlood,,0,0,,TRUE,,,,,,
ArenaSymbol,Collision,Spy,Whispers in the Crowd,People begin speaking of the gladiator as a symbol of freedom. His name echoes through the streets.,Arrest,Leave,-2,0,0,1,1,0,0,-1,ArenaArrest,ArenaFinalFight,0,0,,TRUE,,,,,,
ArenaMoreBlood,Collision,GladiatorMaster,Endless Games,"Fights grow increasingly brutal. The arena sand darkens with blood, and the crowd demands more.",Continue,End,1,0,1,0,-1,0,0,0,,,0,0,,TRUE,,,,,,
ArenaArrest,Collision,GladiatorMaster,Prisoner of the Arena,"The gladiator is brought in chains. Even now he looks calm, as if knowing his fate.",Execute,Pardon,-3,0,0,1,2,0,0,-1,,,0,0,,TRUE,,,,,,
ArenaFinalFight,Collision,GladiatorMaster,Final Fight,The hero enters the arena again. The stands roar like a sea before a storm.,Spare,Finish Off,2,0,0,0,-2,0,0,1,,,0,0,,TRUE,,,,,,
SonChildhood,Inside,Wife,Little Heir,Laughter of your son echoes through the palace marble halls. A stubborn spark of future rule burns in his eyes.,Give Freedom,Keep Strict,1,0,0,0,-1,0,0,1,SonTutorChoice,SonTutorChoice,0,6,,FALSE,,,,,,
SonTutorChoice,Inside,Wife,Mentors Dispute,"At the hall doors, a general and a philosopher argue. One promises to make the boy a warrior, the other a wise ruler.",General,Philosopher,0,1,0,0,0,0,0,1,SonTraining,SonLessons,0,0,,TRUE,,,,,,
SonTraining,Inside,General,Training Dust,Wooden swords clash in the courtyard. The little heir breathes heavily but stubbornly raises his shield under the general’s stern gaze.,Encourage,Pity,0,1,0,0,1,-1,0,0,SonChildTest,SonChildTest,0,0,,TRUE,,,,,,
SonLessons,Inside,People_Philosopher,Whisper of Scrolls,"The philosopher unrolls ancient scrolls. In the shadow of columns, the boy listens to tales of duty, power, and empire fate.",Support,Limit,1,0,0,1,-1,0,0,0,SonChildTest,SonChildTest,0,0,,TRUE,,,,,,
SonChildTest,Inside,Son,Escape to the Courtyard,"The heir secretly slips from lessons to play in the square with guards and their children, forgetting palace and lessons.",Allow,Return,1,0,0,0,-1,0,0,1,SonGrowing,SonGrowing,0,0,,TRUE,,,,,,
SonGrowing,Inside,Wife,Boy’s Character,"Years pass. Sometimes the boy is stubborn like a legionary, sometimes quiet and thoughtful like an old sage.",Encourage,Limit,1,0,0,0,-1,0,0,1,,SonHabits,0,0,,TRUE,,,,,,
SonHabits,Inside,Son,Early Habits,Servants whisper: the heir increasingly imitates gestures of his teachers. His gaze shows the birth of character.,Observe,Intervene,0,0,0,0,0,0,0,0,,,0,0,,TRUE,,,,,,
SonHelpsServant,Inside,People,Small Act of Kindness,"In the courtyard, the heir helps a servant collect broken jugs. Guards watch the young emperor’s son with surprise.",Praise,Ignore,1,0,0,0,0,0,0,0,,,25,0,,TRUE,,,,,,
SonSwordGame,Inside,Legioner,Legion Game,"In the courtyard, your son swings a wooden sword and commands friends as if leading an imaginary legion through a storm.",Support,Stop,0,1,0,0,1,-1,0,0,,,25,0,,TRUE,,,,,,
SonStrangeQuestions,Inside,People_Philosopher,Heir’s Questions,"In the forum, your son asks senators simple but troubling questions about power and justice. Awkward silence falls.",Encourage,Interrupt,1,0,0,0,-1,0,0,1,,,25,0,,TRUE,,,,,,
GreatFireStart,CityInFire,Scout,Smoke Over the City,A dark column of smoke rises over Rome’s rooftops. The wind carries the smell of burning wood and cries of people.,Ignore,Send Aid,-2,0,0,0,1,0,-1,0,FireSpreads,FireResponse,0,7,,FALSE,,,,,,
FireSpreads,CityInFire,People,Rising Flame,Fire devours shops and homes. Narrow streets become corridors of fire as people flee in panic.,Close Gates,Help Fleeing,-3,0,0,1,2,0,-1,0,FireChaos,FireEvacuation,0,0,,TRUE,,,,,,
FireResponse,CityInFire,Engineer,Fighting Fire,Engineers suggest tearing down buildings to stop the fire. This will save the city but destroy entire quarters.,Demolish,Preserve,-1,0,-1,0,1,0,0,-1,FireEvacuation,FireChaos,0,0,,TRUE,,,,,,
FireEvacuation,CityInFire,People,Escape from Flame,Crowds flee burning streets. Ash falls on shoulders like black snow.,Open Palaces,Close Doors,2,0,-1,0,-2,0,0,1,FireNight,FireNight,0,0,,TRUE,,,,,,
FireChaos,CityInFire,Tribune,City Panic,Looters appear in the smoke. Soldiers don’t know whether to fight fire or catch thieves.,Catch Looters,Extinguish Fire,0,1,0,1,1,0,-1,0,FireNight,FireNight,0,0,,TRUE,,,,,,
FireNight,CityInFire,Scout,Night of Fire,"At night, flames light up the sky. The city seems a sea of fire as wind carries sparks over temples and palaces.",Pray to Gods,Intensify Fight,0,0,0,1,1,1,-1,0,FireAftermath,FireAftermath,0,0,,TRUE,,,,,,
FireAftermath,CityInFire,People,City in Ash,"By morning, smoke has cleared. Entire blocks lie in ashes, thousands stand among charred walls.",Aid Victims,Conserve Treasury,2,0,-2,0,-2,0,1,1,FireRumors,FireRumors,0,0,,TRUE,,,,,,
FireRumors,CityInFire,Senator,Dark Rumors,Rumors spread that the fire was not accidental. Senators demand investigation and seek culprits.,Start Investigation,Suppress Rumors,0,0,-1,1,-1,0,0,-1,,,0,0,,TRUE,,,,,,
TribuneChallenge,Popular,Tribune,Voice of the People,"In the forum, a tribune loudly accuses the authorities of indifference. The crowd listens like wind before a storm.",Ignore,Respond,-1,0,0,0,1,0,0,-1,TribuneCrowd,TribuneDebate,0,7,,FALSE,,,,,,
TribuneCrowd,Popular,People,Crowd Noises,People in the forum begin arguing. They admire the tribune’s courage but await your reply.,Calm,Disperse,1,0,0,0,-2,1,0,0,TribuneDebate,TribuneGuards,0,0,,TRUE,,,,,,
TribuneDebate,Popular,Tribune,Heated Debate,The tribune looks at you and speaks of the people’s needs. His voice sounds confident under the forum’s arches.,Argue,Yield,1,0,-1,0,2,0,-1,-1,TribuneCrowdCheers,TribuneVictory,0,0,,TRUE,,,,,,
TribuneGuards,Popular,Legioner,Soldiers in the Forum,"Legionaries enter the square. Their armor clinks, and the crowd immediately falls silent, feeling the chill of iron.",Leave,Withdraw,-1,1,0,1,1,-1,0,-1,TribuneDebate,TribuneDebate,0,0,,TRUE,,,,,,
TribuneCrowdCheers,Popular,People,Crowd’s Shouts,"After heated words, the crowd begins shouting and arguing. Some support the tribune, others cheer you.",Support Tribune,Suppress Him,2,0,0,-1,-2,1,0,1,TribuneAlliance,TribuneArrest,0,0,,TRUE,,,,,,
TribuneVictory,Popular,Tribune,Tribune’s Triumph,"The tribune bows to the crowd. His words resonate, and people look at him almost reverently.",Cooperate,Limit,1,0,0,-1,-1,0,0,1,TribuneAlliance,TribuneArrest,0,0,,TRUE,,,,,,
TribuneAlliance,Popular,Tribune,Awkward Alliance,The tribune proposes working together for city calm. His smile seems sincere… or cunning.,Agree,Refuse,2,0,-1,-1,-1,0,0,1,,,0,0,,TRUE,,,,,,
TribuneArrest,Popular,Assassin,Night Arrest,"At night, guards come for the tribune. In narrow streets, people whisper—some approve, others fear.",Release,Imprison,1,0,0,-1,-2,0,0,1,,,5,0,,TRUE,,,,,,
NightNoise,Inside,Scout,Rustle in the Night,"Deep at night, a quiet rustle behind a heavy curtain wakes you. The palace sleeps, but another’s breath is felt.",Call Guards,Check Yourself,0,1,0,0,0,0,0,0,GuardsSearch,AssassinReveal,0,6,,FALSE,,,,,,
GuardsSearch,Inside,Legioner,Guards in Chambers,"Guards burst into rooms, shining bronze helmets. They search while shadows dance on the walls.",Search Everything,Release Them,0,1,0,0,-1,-1,0,0,AssassinEscape,AssassinReveal,0,0,,TRUE,,,,,,
AssassinReveal,Inside,Assassin,Shadow with Dagger,"A figure in a dark cloak emerges from behind a column. In the lamp’s dim light, a narrow dagger gleams.",Seize,Retreat,0,1,0,0,-1,0,0,0,AssassinFight,AssassinTalk,0,0,,TRUE,,,,,,
AssassinEscape,Inside,Spy,Empty Shadow,Guards find nothing. But a servant swears he saw a shadow slip into the night corridor.,Start Search,Ignore,0,1,0,1,-1,0,0,-1,AssassinHunt,,0,0,,TRUE,,,,,,
AssassinFight,Inside,Assassin,Close Combat,An assassin lunges forward like a shadow. The air whistles from the swift dagger strike.,Call Guards,Fight,0,1,0,0,1,0,0,0,AssassinCaught,AssassinCaught,0,0,,TRUE,,,,,,
AssassinTalk,Inside,Assassin,Words in the Dark,"The assassin does not strike immediately. His eyes are cold, and he quietly says he came not of his own will.",Listen,Attack,0,0,0,0,0,1,0,0,AssassinTruth,AssassinFight,0,0,,TRUE,,,,,,
AssassinTruth,Inside,Spy,Secret Employer,"Under the threat of a dagger, the assassin admits he was hired by Rome’s elite. The names sound alarming.",Begin Investigation,Execute Him,0,0,0,1,-1,0,0,0,,,0,0,,TRUE,,,,,,
AssassinCaught,Inside,Legioner,Captured Assassin,Guards restrain the assassin and throw him on the marble floor. His fate is now in your hands.,Interrogate,Execute,0,0,0,1,-1,0,0,0,AssassinTruth,,0,0,,TRUE,,,,,,
PoetFirstVerse,Inside,Poet,Palace Poems,"A court poet reads new lines. His voice is soft, and his gaze lingers increasingly on your wife.",Ignore,Reprimand,-1,0,0,0,0,0,0,1,PoetGarden,PoetWarning,0,6,,FALSE,,,,,,
PoetGarden,Inside,Wife,Garden Conversation,"In the shady garden, you notice the poet near the empress. Their conversation is quiet, laughter too easy.",Talk to Wife,Expel Poet,0,0,0,0,0,0,0,1,WifeResponse,PoetExile,0,0,,TRUE,,,,,,
PoetWarning,Inside,Poet,Bowed Head,"The poet bows, promising to remember decorum. Yet his eyes still burn with strange inspiration.",Believe,Exile,0,0,0,0,0,0,0,1,PoetGarden,PoetExile,0,0,,TRUE,,,,,,
WifeResponse,Inside,Wife,Empress’ Words,The wife calmly says the poet only seeks inspiration. But her smile seems slightly mysterious.,Trust,Forbid Meetings,0,0,0,-1,-1,0,0,1,PoetWhispers,PoetExile,0,0,,TRUE,,,,,,
PoetWhispers,Inside,Spy,Palace Whispers,Servants and senators begin whispering. Marble halls buzz with talk of poems and glances.,Ignore Rumors,Investigate,-1,0,0,0,0,0,-1,1,PoetFinalMeeting,PoetInvestigation,0,0,,TRUE,,,,,,
PoetFinalMeeting,Inside,Poet,Last Meeting,"You catch the poet and empress in the garden. The moon lights their faces, and words freeze in the cold air.",Punish Poet,Leave,-1,0,0,1,-1,0,0,-1,PoetAftermath,PoetAftermath,0,0,,TRUE,,,,,,
PoetInvestigation,Inside,Spy,Secret Surveillance,"Spies watch the poet. Their reports are full of hints, but no word gives a clear answer.",Close Case,Exile Poet,0,0,0,0,0,0,0,1,PoetAftermath,PoetExile,0,0,,TRUE,,,,,,
PoetExile,Inside,Poet,Exiled Poet,"The poet leaves the palace, casting a final glance at the columns and gardens where his verses were born.",Leave It,Recall Later,0,0,0,0,0,0,0,0,,PoetReturn,0,0,,TRUE,,,,,,
PoetAftermath,Inside,Wife,Quiet Evening,The palace is silent again. But sometimes it seems verses of unspoken poems still echo through corridors.,Forget,Remember,0,0,0,0,0,0,0,0,,,0,0,,TRUE,,,,,,
PoetReturn,Inside,Poet,Poet’s Return,"Over time, the poet reappears in Rome. His new verses are already sung in the streets.",Forgive,Exile Again,1,0,0,-1,-1,0,0,1,,,10,0,,TRUE,,,,,,
PoetSongs,Street,People,Songs of Love,"In the markets, a ballad is sung about a beautiful woman and a sad poet. Many guess who it is about.",Forbid,Ignore,-1,0,0,1,1,0,0,-1,,,8,0,,TRUE,,,,,,
WifeInfluence,Inside,Wife,Quiet Request,"Late in the evening, the empress says she is tired of being only decoration. She wants to take part in Rome’s fate.",Refuse,Allow,-1,0,0,1,1,0,0,-1,WifeReaction,WifeCouncil,0,6,,FALSE,,,,,,
WifeReaction,Inside,Wife,Cold Gaze,"The wife inclines her head, accepting your answer. But a shadow of resentment flickers in her eyes.",Console,Ignore,0,0,0,-1,-1,0,0,1,,,0,0,,TRUE,,,,,,
WifeCouncil,Inside,Senator,Council Hall,"The empress sits beside you at the council for the first time. Senators exchange glances, unsure if this is wisdom or danger.",Support,Limit,1,0,0,-1,-1,0,0,1,WifeInfluenceWhispers,,0,0,,TRUE,,,,,,
WifeInfluenceWhispers,Inside,Spy,Marble Whispers,Quiet conversations already glide through palace corridors. They say the empress’s words begin to carry weight almost like yours.,Ignore,Quash Rumors,0,0,0,0,-1,0,0,1,,,0,0,,TRUE,,,,,,
WifePoliticalMove,Inside,Wife,Empress’ Advice,"Later, the empress proposes a solution to a city dispute. Her words are calm, but carry authority.",Support,Refuse,1,0,-1,-1,-1,0,0,1,,,14,0,,TRUE,,,,,,
WifePopularity,Popular,People,People’s Favorite,"In markets and baths, people increasingly speak of the wise empress. Her name is mentioned with respect and curiosity.",Support,Stop,2,0,0,-1,-2,0,0,1,,,18,0,,TRUE,,,,,,
WifeSenateConcern,Inside,Senator,Senate Anxiety,A senator cautiously mentions the empress’s growing influence. His voice carries hidden concern.,Reassure,Support Her,0,0,0,1,1,0,0,-2,,,16,0,,TRUE,,,,,,
GreatCampaignStart,Legion,General,Distant War,"The general spreads a map on the marble table. Beyond the mountains lie rich lands, but the path is through cold, blood, and long march.",Refuse,Begin Campaign,-1,0,0,0,1,1,-2,0,,CampaignPreparation,0,6,Army > 6,FALSE,,,,,,
CampaignPreparation,Legion,Treasurer,Cost of War,"The treasurer slowly counts coins. Each legion demands gold, bread, and steel, and the treasury sighs heavily.",Conserve,Pay Generously,-1,-1,-1,0,1,1,-2,0,CampaignMarch,CampaignMarch,0,0,,TRUE,,,,,,
CampaignMarch,Legion,Scout,Legions on the Move,Columns of soldiers leave the city gates. Shields glint in morning light as the dust slowly hides their banners.,Hasten March,Proceed Carefully,0,-1,0,0,0,1,-1,0,CampaignHardships,CampaignHardships,0,0,,TRUE,,,,,,
CampaignHardships,Legion,Legioner,Hardships of the Road,"Rain turns roads to mud, wind tears tents. Soldiers are tired, but still carry the legion’s eagles.",Encourage,Discipline,1,0,0,0,-1,1,0,1,CampaignEnemy,CampaignEnemy,0,0,,TRUE,,,,,,
CampaignEnemy,Legion,Scout,Shadows of the Enemy,"Scouts return at dusk. Beyond the hills, an enemy army gathers, and the night is filled with ominous fires.",Attack,Wait,1,-1,0,0,0,1,0,0,CampaignBattle,CampaignBattle,0,0,,TRUE,,,,,,
CampaignBattle,Legion,General,Battle at Dawn,"Dawn colors the battlefield red. Horns sound, shields clash, and legions slowly march into the storm of steel.",Take Risk,Fight Cautiously,2,-1,0,0,1,1,0,0,CampaignAftermath,CampaignAftermath,0,0,,TRUE,,,,,,
CampaignAftermath,Legion,Scout,Field After Battle,"Crows circle over the battlefield. Among broken spears and shields, soldiers gather the wounded and count losses.",Pursue,Halt,1,-1,0,0,0,1,0,0,CampaignReturn,CampaignReturn,0,0,,TRUE,,,,,,
CampaignReturn,Legion,Legioner,Return of the Legions,"After months, legions enter Rome. Streets roar with cheers, and the sun glints off dulled helmets.",Hold Triumph,Modest Reception,2,0,-1,0,0,0,0,1,CampaignLegacy,CampaignLegacy,0,0,,TRUE,,,,,,
CampaignLegacy,Legion,Senator,Cost of Victory,"Senators discuss the victory. Glory is great, but war left the treasury empty and a shadow of fatigue in the army.",Celebrate,Forget,1,0,0,-1,-1,0,0,1,,,0,0,,TRUE,,,,,,